,Rank (Borda),Model,Zero-shot,Active Parameters (B),Total Parameters (B),Embedding Dimensions,Max Tokens,Mean (Task),Mean (TaskType),Retrieval
0,1,[Yuan-embedding-2.0-en](https://huggingface.co/IEITYuan/Yuan-embedding-2.0-en),100%,0.44,0.596,1024.0,2048.0,98.33,98.33,98.33
1,2,[Qwen3-Embedding-8B](https://huggingface.co/Qwen/Qwen3-Embedding-8B),100%,6.946,7.567,4096.0,32768.0,94.99,94.99,94.99
2,3,[Qwen3-Embedding-4B](https://huggingface.co/Qwen/Qwen3-Embedding-4B),100%,3.634,4.022,2560.0,32768.0,92.92,92.92,92.92
3,4,[Octen-Embedding-8B](https://huggingface.co/bflhc/Octen-Embedding-8B),100%,6.946,7.567,4096.0,32768.0,91.25,91.25,91.25
4,5,[Qwen3-Embedding-0.6B](https://huggingface.co/Qwen/Qwen3-Embedding-0.6B),100%,0.44,0.596,1024.0,32768.0,90.52,90.52,90.52
5,6,[Euler-Legal-Embedding-V1](https://huggingface.co/Mira190/Euler-Legal-Embedding-V1),100%,6.946,7.567,4096.0,1536.0,90.51,90.51,90.51
6,7,[LGAI-Embedding-Preview](https://huggingface.co/annamodels/LGAI-Embedding-Preview),100%,6.979,7.11,4096.0,32768.0,90.1,90.1,90.1
7,8,[Jasper-Token-Compression-600M](https://huggingface.co/infgrad/Jasper-Token-Compression-600M),100%,0.452,0.607,2048.0,32768.0,89.92,89.92,89.92
8,9,[NV-Embed-v2](https://huggingface.co/nvidia/NV-Embed-v2),100%,7.719,7.85,4096.0,32768.0,88.85,88.85,88.85
9,10,[SFR-Embedding-2_R](https://huggingface.co/Salesforce/SFR-Embedding-2_R),100%,6.98,7.111,4096.0,32768.0,88.44,88.44,88.44
10,11,[llama-embed-nemotron-8b](https://huggingface.co/nvidia/llama-embed-nemotron-8b),100%,6.98,7.505,4096.0,32768.0,88.19,88.19,88.19
11,12,[Seed1.5-Embedding](https://seed1-5-embedding.github.io/),100%,,,2048.0,32768.0,87.65,87.65,87.65
12,13,[SFR-Embedding-Mistral](https://huggingface.co/Salesforce/SFR-Embedding-Mistral),100%,6.98,7.111,4096.0,32768.0,87.6,87.6,87.6
13,14,[speed-embedding-7b-instruct](https://huggingface.co/Haon-Chen/speed-embedding-7b-instruct),⚠️ NA,6.98,7.111,,32768.0,87.43,87.43,87.43
14,15,[Linq-Embed-Mistral](https://huggingface.co/Linq-AI-Research/Linq-Embed-Mistral),100%,6.98,7.111,4096.0,32768.0,87.1,87.1,87.1
15,16,[e5-mistral-7b-instruct](https://huggingface.co/intfloat/e5-mistral-7b-instruct),100%,6.98,7.111,4096.0,32768.0,87.03,87.03,87.03
16,17,[jasper_en_vision_language_v1](https://huggingface.co/infgrad/jasper_en_vision_language_v1),100%,1.332,1.565,8960.0,131072.0,86.73,86.73,86.73
17,18,[gemini-embedding-001](https://ai.google.dev/gemini-api/docs/embeddings),100%,,,3072.0,2048.0,86.31,86.31,86.31
18,19,[pplx-embed-v1-0.6b](https://huggingface.co/perplexity-ai/pplx-embed-v1-0.6b),100%,0.44,0.596,1024.0,32768.0,85.9,85.9,85.9
19,20,[NV-Embed-v1](https://huggingface.co/nvidia/NV-Embed-v1),100%,7.719,7.85,4096.0,32768.0,85.88,85.88,85.88
20,21,[pplx-embed-v1-4b](https://huggingface.co/perplexity-ai/pplx-embed-v1-4b),100%,3.611,4.0,2560.0,32768.0,85.61,85.61,85.61
21,22,[gte-Qwen2-1.5B-instruct](https://huggingface.co/Alibaba-NLP/gte-Qwen2-1.5B-instruct),⚠️ NA,1.31,1.543,8960.0,32768.0,85.38,85.38,85.38
22,23,[voyage-large-2-instruct](https://blog.voyageai.com/2024/05/05/voyage-large-2-instruct-instruction-tuned-and-rank-1-on-mteb/),100%,,,1024.0,16000.0,85.07,85.07,85.07
23,24,[text-embedding-005](https://cloud.google.com/vertex-ai/generative-ai/docs/embeddings/get-text-embeddings),100%,,,768.0,2048.0,84.91,84.91,84.91
24,25,[GTE-ModernColBERT-v1](https://huggingface.co/lightonai/GTE-ModernColBERT-v1),100%,0.11,0.149,128.0,8192.0,84.84,84.84,84.84
25,26,[Conan-embedding-v2](https://huggingface.co/TencentBAC/Conan-embedding-v2),100%,,,3584.0,32768.0,84.66,84.66,84.66
26,27,[snowflake-arctic-embed-m-v1.5](https://huggingface.co/Snowflake/snowflake-arctic-embed-m-v1.5),100%,0.086,0.109,768.0,512.0,84.63,84.63,84.63
27,28,[KaLM-Embedding-Gemma3-12B-2511](https://huggingface.co/tencent/KaLM-Embedding-Gemma3-12B-2511),0%,10.759,11.766,3840.0,32768.0,84.57,84.57,84.57
28,29,[Seed1.6-embedding](https://seed1-6-embedding.github.io/),100%,,,2048.0,32768.0,84.45,84.45,84.45
29,30,[e5-R-mistral-7b](https://huggingface.co/BeastyZ/e5-R-mistral-7b),100%,7.111,7.242,4096.0,32768.0,84.4,84.4,84.4
30,31,[modernbert-embed-base](https://huggingface.co/nomic-ai/modernbert-embed-base),100%,0.11,0.149,768.0,8192.0,84.15,84.15,84.15
31,32,[stella_en_1.5B_v5](https://huggingface.co/NovaSearch/stella_en_1.5B_v5),100%,1.307,1.54,8960.0,131072.0,83.84,83.84,83.84
32,33,[udever-bloom-7b1](https://huggingface.co/izhx/udever-bloom-7b1),100%,,,,,83.82,83.82,83.82
33,34,[KaLM-embedding-multilingual-mini-instruct-v1.5](https://huggingface.co/HIT-TMG/KaLM-embedding-multilingual-mini-instruct-v1.5),0%,0.358,0.494,896.0,512.0,83.72,83.72,83.72
34,35,[Zeta-Alpha-E5-Mistral](https://huggingface.co/zeta-alpha-ai/Zeta-Alpha-E5-Mistral),100%,6.98,7.111,4096.0,32768.0,83.68,83.68,83.68
35,36,[snowflake-arctic-embed-l-v2.0](https://huggingface.co/Snowflake/snowflake-arctic-embed-l-v2.0),100%,0.312,0.568,1024.0,8192.0,83.63,83.63,83.63
36,37,[Cohere-embed-multilingual-v3.0](https://cohere.com/blog/introducing-embed-v3),⚠️ NA,,,512.0,,83.37,83.37,83.37
37,38,[udever-bloom-3b](https://huggingface.co/izhx/udever-bloom-3b),100%,2.36,3.003,,,83.21,83.21,83.21
38,39,[BOOM_4B_v1](https://huggingface.co/ICT-TIME-and-Querit/BOOM_4B_v1),100%,3.633,4.022,2560.0,32768.0,83.06,83.06,83.06
39,40,[KaLM-embedding-multilingual-mini-instruct-v2.5](https://huggingface.co/KaLM-Embedding/KaLM-embedding-multilingual-mini-instruct-v2.5),0%,0.358,0.494,896.0,512.0,82.98,82.98,82.98
40,41,[voyage-3-m-exp](https://huggingface.co/voyageai/voyage-3-m-exp),0%,,6.918,2048.0,32000.0,82.75,82.75,82.75
41,42,[text-embedding-004](https://cloud.google.com/vertex-ai/generative-ai/docs/embeddings/get-text-embeddings),100%,,,768.0,2048.0,82.55,82.55,82.55
42,43,[multilingual-e5-large-instruct](https://huggingface.co/intfloat/multilingual-e5-large-instruct),100%,0.304,0.56,1024.0,514.0,82.51,82.51,82.51
43,44,[nomic-embed-text-v1-ablated](https://huggingface.co/nomic-ai/nomic-embed-text-v1-ablated),100%,,0.137,768.0,8192.0,82.31,82.31,82.31
44,45,[mdbr-leaf-ir](https://huggingface.co/MongoDB/mdbr-leaf-ir),100%,0.011,0.023,768.0,512.0,81.97,81.97,81.97
45,46,[Cohere-embed-english-v3.0](https://cohere.com/blog/introducing-embed-v3),⚠️ NA,,,1024.0,512.0,81.92,81.92,81.92
46,47,[Giga-Embeddings-instruct](https://huggingface.co/ai-sage/Giga-Embeddings-instruct),⚠️ NA,,3.227,2048.0,4096.0,81.88,81.88,81.88
47,48,[snowflake-arctic-embed-m-long](https://huggingface.co/Snowflake/snowflake-arctic-embed-m-long),100%,,0.137,768.0,2048.0,81.7,81.7,81.7
48,49,[text-multilingual-embedding-002](https://cloud.google.com/vertex-ai/generative-ai/docs/embeddings/get-text-embeddings),100%,,,768.0,2048.0,81.45,81.45,81.45
49,50,[voyage-3-large](https://blog.voyageai.com/2025/01/07/voyage-3-large/),100%,,,1024.0,32000.0,81.41,81.41,81.41
50,51,[Tarka-Embedding-150M-V1](https://huggingface.co/Tarka-AIR/Tarka-Embedding-150M-V1),100%,0.106,0.156,768.0,2048.0,81.39,81.39,81.39
51,52,[snowflake-arctic-embed-s](https://huggingface.co/Snowflake/snowflake-arctic-embed-s),100%,0.022,0.033,384.0,512.0,81.39,81.39,81.39
52,53,[sgpt-bloom-7b1-msmarco](https://huggingface.co/bigscience/sgpt-bloom-7b1-msmarco),⚠️ NA,6.041,7.068,4096.0,,81.37,81.37,81.37
53,54,[GritLM-8x7B](https://huggingface.co/GritLM/GritLM-8x7B),100%,13.0,57.92,32768.0,32768.0,81.36,81.36,81.36
54,55,[MiniCPM-Embedding](https://huggingface.co/openbmb/MiniCPM-Embedding),⚠️ NA,2.442,2.725,2304.0,512.0,81.32,81.32,81.32
55,56,[voyage-3.5](https://blog.voyageai.com/2025/05/20/voyage-3-5/),100%,,,1024.0,32000.0,80.95,80.95,80.95
56,57,[Titan-text-embeddings-v2](https://huggingface.co/amazon/Titan-text-embeddings-v2),⚠️ NA,,,,,80.75,80.75,80.75
57,58,[snowflake-arctic-embed-l](https://huggingface.co/Snowflake/snowflake-arctic-embed-l),100%,0.304,0.335,1024.0,512.0,80.72,80.72,80.72
58,59,[cadet-embed-base-v1](https://huggingface.co/manveertamber/cadet-embed-base-v1),100%,0.086,0.109,768.0,512.0,80.55,80.55,80.55
59,60,[cde-small-v2](https://huggingface.co/jxm/cde-small-v1),100%,,0.306,768.0,512.0,80.55,80.55,80.55
60,61,[voyage-3](https://blog.voyageai.com/2024/09/18/voyage-3/),100%,,,1024.0,32000.0,80.46,80.46,80.46
61,62,[LLM2Vec-Sheared-LLaMA-mntp-supervised](https://huggingface.co/McGill-NLP/LLM2Vec-Sheared-LLaMA-mntp-supervised),100%,1.229,1.295,4096.0,32768.0,80.41,80.41,80.41
62,63,[gte-Qwen2-7B-instruct](https://huggingface.co/Alibaba-NLP/gte-Qwen2-7B-instruct),⚠️ NA,6.526,7.069,3584.0,32768.0,80.37,80.37,80.37
63,64,[jina-embeddings-v4](https://huggingface.co/jinaai/jina-embeddings-v4),100%,3.624,3.935,2048.0,32768.0,80.36,80.36,80.36
64,65,[embeddinggemma-300m](https://ai.google.dev/gemma/docs/embeddinggemma/model_card),100%,0.106,0.308,768.0,2048.0,80.35,80.35,80.35
65,66,[snowflake-arctic-embed-m-v2.0](https://huggingface.co/Snowflake/snowflake-arctic-embed-m-v2.0),100%,0.113,0.305,768.0,8192.0,80.34,80.34,80.34
66,67,[LLM2Vec-Meta-Llama-3-8B-Instruct-mntp-supervised](https://huggingface.co/McGill-NLP/LLM2Vec-Meta-Llama-3-8B-Instruct-mntp-supervised),100%,7.022,7.547,4096.0,8192.0,80.34,80.34,80.34
67,68,[NoInstruct-small-Embedding-v0](https://huggingface.co/avsolatorio/NoInstruct-small-Embedding-v0),⚠️ NA,0.022,0.033,384.0,512.0,80.12,80.12,80.12
68,69,[voyage-multilingual-2](https://blog.voyageai.com/2024/06/10/voyage-multilingual-2-multilingual-embedding-model/),100%,,,1024.0,32000.0,80.11,80.11,80.11
69,70,[udever-bloom-1b1](https://huggingface.co/izhx/udever-bloom-1b1),100%,0.68,1.065,,,80.03,80.03,80.03
70,71,[nomic-embed-text-v1](https://huggingface.co/nomic-ai/nomic-embed-text-v1),100%,,0.137,768.0,8192.0,79.92,79.92,79.92
71,72,[snowflake-arctic-embed-m](https://huggingface.co/Snowflake/snowflake-arctic-embed-m),100%,0.086,0.109,768.0,512.0,79.65,79.65,79.65
72,73,[e5-base](https://huggingface.co/intfloat/e5-base),100%,0.086,0.109,768.0,512.0,79.64,79.64,79.64
73,74,[text-embedding-3-large](https://openai.com/index/new-embedding-models-and-api-updates/),⚠️ NA,,,3072.0,8191.0,79.56,79.56,79.56
74,75,[KaLM-embedding-multilingual-mini-instruct-v1](https://huggingface.co/HIT-TMG/KaLM-embedding-multilingual-mini-instruct-v1),0%,0.358,0.494,896.0,512.0,79.54,79.54,79.54
75,76,[snowflake-arctic-embed-xs](https://huggingface.co/Snowflake/snowflake-arctic-embed-xs),100%,0.011,0.023,384.0,512.0,79.43,79.43,79.43
76,77,[cde-small-v1](https://huggingface.co/jxm/cde-small-v1),100%,,0.281,768.0,512.0,79.38,79.38,79.38
77,78,[Cohere-embed-english-light-v3.0](https://cohere.com/blog/introducing-embed-v3),⚠️ NA,,,384.0,512.0,79.36,79.36,79.36
78,79,[KaLM-embedding-multilingual-mini-instruct-v2](https://huggingface.co/HIT-TMG/KaLM-embedding-multilingual-mini-instruct-v2),0%,0.358,0.494,896.0,512.0,79.27,79.27,79.27
79,80,[LLM2Vec-Llama-2-7b-chat-hf-mntp-supervised](https://huggingface.co/McGill-NLP/LLM2Vec-Llama-2-7b-chat-hf-mntp-supervised),100%,6.516,6.647,4096.0,32768.0,79.25,79.25,79.25
80,81,[bge-en-icl](https://huggingface.co/BAAI/bge-en-icl),100%,6.979,7.11,4096.0,32768.0,79.08,79.08,79.08
81,82,[Cohere-embed-multilingual-light-v3.0](https://cohere.com/blog/introducing-embed-v3),⚠️ NA,,,384.0,512.0,78.93,78.93,78.93
82,83,[Tarka-Embedding-350M-V1](https://huggingface.co/Tarka-AIR/Tarka-Embedding-350M-V1),100%,0.287,0.354,1024.0,128000.0,78.82,78.82,78.82
83,84,[jina-embeddings-v5-text-small](https://huggingface.co/jinaai/jina-embeddings-v5-text-small),⚠️ NA,0.44,0.596,1024.0,32768.0,78.49,78.49,78.49
84,85,[zembed-1](https://huggingface.co/zeroentropy/zembed-1),⚠️ NA,3.634,4.022,2560.0,32768.0,78.39,78.39,78.39
85,86,[KaLM-embedding-multilingual-mini-v1](https://huggingface.co/HIT-TMG/KaLM-embedding-multilingual-mini-v1),0%,0.358,0.494,896.0,512.0,78.37,78.37,78.37
86,87,[e5-large](https://huggingface.co/intfloat/e5-large),100%,0.304,0.335,1024.0,512.0,78.32,78.32,78.32
87,88,[ColBERT-Zero](https://huggingface.co/lightonai/ColBERT-Zero),100%,0.11,0.149,128.0,8192.0,78.27,78.27,78.27
88,89,[bge-base-en-v1.5](https://huggingface.co/BAAI/bge-base-en-v1.5),100%,0.086,0.109,768.0,512.0,78.03,78.03,78.03
89,90,[text-embedding-3-small](https://openai.com/index/new-embedding-models-and-api-updates/),⚠️ NA,,,1536.0,8191.0,77.9,77.9,77.9
90,91,[jina-embeddings-v3](https://huggingface.co/jinaai/jina-embeddings-v3),100%,0.316,0.572,1024.0,8194.0,77.74,77.74,77.74
91,92,[MedEmbed-small-v0.1](https://huggingface.co/abhinand/MedEmbed-small-v0.1),0%,0.022,0.033,384.0,512.0,77.7,77.7,77.7
92,93,[LLM2Vec-Mistral-7B-Instruct-v2-mntp-supervised](https://huggingface.co/McGill-NLP/LLM2Vec-Mistral-7B-Instruct-v2-mntp-supervised),100%,7.022,7.153,4096.0,32768.0,77.69,77.69,77.69
93,94,[QZhou-Embedding](https://huggingface.co/Kingsoft-LLM/QZhou-Embedding),100%,6.526,7.071,3584.0,8192.0,77.64,77.64,77.64
94,95,[jina-embeddings-v5-text-nano](https://huggingface.co/jinaai/jina-embeddings-v5-text-nano),⚠️ NA,0.113,0.212,768.0,8192.0,77.6,77.6,77.6
95,96,[GeoEmbedding](https://huggingface.co/GeoGPT-Research-Project/GeoEmbedding),100%,6.98,7.111,4096.0,32768.0,77.26,77.26,77.26
96,97,[LENS-d8000](https://huggingface.co/yibinlei/LENS-d8000),100%,6.979,7.11,8000.0,32768.0,77.18,77.18,77.18
97,98,[e5-small](https://huggingface.co/intfloat/e5-small),100%,0.021,0.033,384.0,512.0,76.78,76.78,76.78
98,99,[stella_en_400M_v5](https://huggingface.co/NovaSearch/stella_en_400M_v5),100%,,0.435,4096.0,8192.0,76.65,76.65,76.65
99,100,[voyage-3-lite](https://blog.voyageai.com/2024/09/18/voyage-3/),100%,,,512.0,32000.0,76.5,76.5,76.5
100,101,[bge-base-en](https://huggingface.co/BAAI/bge-base-en),100%,0.086,0.109,768.0,512.0,76.45,76.45,76.45
101,102,[UAE-Large-V1](https://huggingface.co/WhereIsAI/UAE-Large-V1),100%,0.304,0.335,1024.0,512.0,76.27,76.27,76.27
102,103,[gte-modernbert-base](https://huggingface.co/Alibaba-NLP/gte-modernbert-base),100%,0.11,0.149,768.0,8192.0,75.75,75.75,75.75
103,104,[ColBERT-Zero-supervised](https://huggingface.co/lightonai/ColBERT-Zero-supervised),100%,0.11,0.149,128.0,8192.0,75.58,75.58,75.58
104,105,[mxbai-embed-large-v1](https://huggingface.co/mixedbread-ai/mxbai-embed-large-v1),100%,0.304,0.335,1024.0,512.0,75.53,75.53,75.53
105,106,[bge-small-en-v1.5](https://huggingface.co/BAAI/bge-small-en-v1.5),100%,0.022,0.033,512.0,512.0,75.52,75.52,75.52
106,107,[bge-large-en](https://huggingface.co/BAAI/bge-large-en),100%,0.304,0.335,1024.0,512.0,75.38,75.38,75.38
107,108,[inf-retriever-v1](https://huggingface.co/infly/inf-retriever-v1),0%,6.526,7.069,3584.0,32768.0,75.1,75.1,75.1
108,109,[bge-large-en-v1.5](https://huggingface.co/BAAI/bge-large-en-v1.5),100%,0.304,0.335,1024.0,512.0,74.7,74.7,74.7
109,110,[e5-small-v2](https://huggingface.co/intfloat/e5-small-v2),100%,0.021,0.033,384.0,512.0,74.37,74.37,74.37
110,111,[GritLM-7B](https://huggingface.co/GritLM/GritLM-7B),100%,7.109,7.24,4096.0,32768.0,74.31,74.31,74.31
111,112,[mini-gte](https://huggingface.co/prdev/mini-gte),100%,0.043,0.066,768.0,512.0,74.02,74.02,74.02
112,113,[opensearch-neural-sparse-encoding-doc-v3-gte](https://huggingface.co/opensearch-project/opensearch-neural-sparse-encoding-doc-v3-gte),100%,0.113,0.137,30522.0,8192.0,73.33,73.33,73.33
113,114,[bge-small-en](https://huggingface.co/BAAI/bge-small-en),100%,0.022,0.033,512.0,512.0,73.16,73.16,73.16
114,115,[gte-base-en-v1.5](https://huggingface.co/Alibaba-NLP/gte-base-en-v1.5),⚠️ NA,0.113,0.137,768.0,8192.0,73.13,73.13,73.13
115,116,[udever-bloom-560m](https://huggingface.co/izhx/udever-bloom-560m),100%,0.302,0.559,,,72.99,72.99,72.99
116,117,[gte-Qwen1.5-7B-instruct](https://huggingface.co/Alibaba-NLP/gte-Qwen1.5-7B-instruct),⚠️ NA,6.477,7.099,4096.0,32768.0,72.72,72.72,72.72
117,118,[inf-retriever-v1-1.5b](https://huggingface.co/infly/inf-retriever-v1-1.5b),0%,1.31,1.543,1536.0,32768.0,72.36,72.36,72.36
118,119,[multilingual-e5-small](https://huggingface.co/intfloat/multilingual-e5-small),100%,0.022,0.118,384.0,512.0,72.29,72.29,72.29
119,120,[opensearch-neural-sparse-encoding-doc-v3-distill](https://huggingface.co/opensearch-project/opensearch-neural-sparse-encoding-doc-v3-distill),100%,0.043,0.066,30522.0,512.0,72.26,72.26,72.26
120,121,[multilingual-e5-large](https://huggingface.co/intfloat/multilingual-e5-large),100%,0.304,0.56,1024.0,514.0,71.15,71.15,71.15
121,122,[opensearch-neural-sparse-encoding-doc-v2-mini](https://huggingface.co/opensearch-project/opensearch-neural-sparse-encoding-doc-v2-mini),100%,0.011,0.023,30522.0,512.0,70.77,70.77,70.77
122,123,[granite-embedding-english-r2](https://huggingface.co/ibm-granite/granite-embedding-english-r2),100%,0.11,0.149,768.0,8192.0,70.56,70.56,70.56
123,124,[gte-large](https://huggingface.co/thenlper/gte-large),⚠️ NA,0.304,0.335,1024.0,512.0,70.22,70.22,70.22
124,125,[LENS-d4000](https://huggingface.co/yibinlei/LENS-d4000),100%,6.979,7.11,4000.0,32768.0,69.73,69.73,69.73
125,126,[e5-base-v2](https://huggingface.co/intfloat/e5-base-v2),100%,0.086,0.109,768.0,512.0,69.63,69.63,69.63
126,127,[GIST-Embedding-v0](https://huggingface.co/avsolatorio/GIST-Embedding-v0),100%,0.086,0.109,768.0,512.0,69.6,69.6,69.6
127,128,[e5-base-4k](https://huggingface.co/dwzhu/e5-base-4k),100%,0.089,0.112,,4096.0,69.6,69.6,69.6
128,129,[multilingual-e5-base](https://huggingface.co/intfloat/multilingual-e5-base),100%,0.086,0.278,768.0,514.0,69.49,69.49,69.49
129,130,[granite-embedding-125m-english](https://huggingface.co/ibm-granite/granite-embedding-125m-english),100%,0.086,0.125,768.0,512.0,69.26,69.26,69.26
130,131,[b1ade-embed](https://huggingface.co/w601sxs/b1ade-embed),100%,0.304,0.335,1024.0,4096.0,69.16,69.16,69.16
131,132,[GIST-small-Embedding-v0](https://huggingface.co/avsolatorio/GIST-small-Embedding-v0),100%,0.022,0.033,384.0,512.0,69.14,69.14,69.14
132,133,[GIST-large-Embedding-v0](https://huggingface.co/avsolatorio/GIST-large-Embedding-v0),100%,0.304,0.335,1024.0,512.0,69.13,69.13,69.13
133,134,[opensearch-neural-sparse-encoding-doc-v2-distill](https://huggingface.co/opensearch-project/opensearch-neural-sparse-encoding-doc-v2-distill),100%,0.043,0.066,30522.0,512.0,68.92,68.92,68.92
134,135,[gte-base](https://huggingface.co/thenlper/gte-base),⚠️ NA,0.086,0.109,768.0,512.0,68.78,68.78,68.78
135,136,[mxbai-embed-2d-large-v1](https://huggingface.co/mixedbread-ai/mxbai-embed-2d-large-v1),⚠️ NA,0.304,0.335,768.0,512.0,68.64,68.64,68.64
136,137,[granite-embedding-278m-multilingual](https://huggingface.co/ibm-granite/granite-embedding-278m-multilingual),100%,0.086,0.278,768.0,512.0,68.57,68.57,68.57
137,138,[text-embedding-ada-002](https://openai.com/index/new-and-improved-embedding-model/),⚠️ NA,,,1536.0,8191.0,68.47,68.47,68.47
138,139,[mdbr-leaf-mt](https://huggingface.co/MongoDB/mdbr-leaf-mt),100%,0.011,0.023,1024.0,512.0,67.33,67.33,67.33
139,140,[ColBERT-Zero-unsupervised](https://huggingface.co/lightonai/ColBERT-Zero-unsupervised),100%,0.11,0.149,128.0,8192.0,66.97,66.97,66.97
140,141,[e5-large-v2](https://huggingface.co/intfloat/e5-large-v2),100%,0.304,0.335,1024.0,514.0,66.64,66.64,66.64
141,142,[gte-small](https://huggingface.co/thenlper/gte-small),⚠️ NA,0.022,0.033,384.0,512.0,66.53,66.53,66.53
142,143,[jina-embeddings-v2-base-en](https://huggingface.co/jinaai/jina-embeddings-v2-base-en),100%,0.114,0.137,768.0,8192.0,65.91,65.91,65.91
143,144,[jina-embeddings-v2-small-en](https://huggingface.co/jinaai/jina-embeddings-v2-small-en),100%,0.017,0.033,512.0,8192.0,65.18,65.18,65.18
144,145,[stella-base-en-v2](https://huggingface.co/infgrad/stella-base-en-v2),⚠️ NA,0.086,0.109,,512.0,64.79,64.79,64.79
145,146,[granite-embedding-small-english-r2](https://huggingface.co/ibm-granite/granite-embedding-small-english-r2),100%,0.028,0.048,384.0,8192.0,64.67,64.67,64.67
146,147,[bge-multilingual-gemma2](https://huggingface.co/BAAI/bge-multilingual-gemma2),100%,8.322,9.24,3584.0,8192.0,64.27,64.27,64.27
147,148,[ember-v1](https://huggingface.co/llmrails/ember-v1),⚠️ NA,0.304,0.335,1024.0,512.0,64.14,64.14,64.14
148,149,[nomic-embed-text-v1.5](https://huggingface.co/nomic-ai/nomic-embed-text-v1.5),100%,,0.137,768.0,8192.0,63.44,63.44,63.44
149,150,[LLM2Vec-Meta-Llama-3-8B-Instruct-mntp-unsup-simcse](https://huggingface.co/McGill-NLP/LLM2Vec-Meta-Llama-3-8B-Instruct-mntp-unsup-simcse),100%,7.022,7.547,4096.0,8192.0,63.34,63.34,63.34
150,151,[ru-en-RoSBERTa](https://huggingface.co/ai-forever/ru-en-RoSBERTa),100%,0.303,0.404,1024.0,512.0,63.17,63.17,63.17
151,152,[granite-embedding-30m-english](https://huggingface.co/ibm-granite/granite-embedding-30m-english),100%,0.011,0.03,384.0,512.0,63.1,63.1,63.1
152,153,[granite-embedding-107m-multilingual](https://huggingface.co/ibm-granite/granite-embedding-107m-multilingual),100%,0.011,0.107,384.0,512.0,62.81,62.81,62.81
153,154,[baseline-bm25s](https://github.com/xhluca/bm25s),⚠️ NA,,,,,62.31,62.31,62.31
154,155,[nomic-embed-text-v1-unsupervised](https://huggingface.co/nomic-ai/nomic-embed-text-v1-unsupervised),100%,,0.137,768.0,8192.0,62.2,62.2,62.2
155,156,[F2LLM-1.7B](https://huggingface.co/codefuse-ai/F2LLM-1.7B),100%,1.409,1.721,2048.0,8192.0,62.04,62.04,62.04
156,157,[Seed1.6-embedding-1215](https://console.volcengine.com/ark/region:ark+cn-beijing/model/detail?Id=doubao-embedding-vision),100%,,,2048.0,32768.0,61.93,61.93,61.93
157,158,[Solon-embeddings-large-0.1](https://huggingface.co/OrdalieTech/Solon-embeddings-large-0.1),⚠️ NA,0.304,0.56,1024.0,514.0,61.87,61.87,61.87
158,159,[SearchMap_Preview](https://huggingface.co/VPLabs/SearchMap_Preview),⚠️ NA,0.404,0.435,4096.0,8192.0,61.53,61.53,61.53
159,160,[LLM2Vec-Llama-2-7b-chat-hf-mntp-unsup-simcse](https://huggingface.co/McGill-NLP/LLM2Vec-Llama-2-7b-chat-hf-mntp-unsup-simcse),100%,6.516,6.647,4096.0,32768.0,60.67,60.67,60.67
160,161,[F2LLM-4B](https://huggingface.co/codefuse-ai/F2LLM-4B),100%,3.634,4.022,2560.0,8192.0,60.64,60.64,60.64
161,162,[sentence_croissant_alpha_v0.3](https://huggingface.co/manu/sentence_croissant_alpha_v0.3),100%,1.214,1.28,2048.0,2048.0,60.59,60.59,60.59
162,163,[jina-embedding-b-en-v1](https://huggingface.co/jinaai/jina-embedding-b-en-v1),100%,0.085,0.11,768.0,512.0,60.57,60.57,60.57
163,164,[sentence_croissant_alpha_v0.4](https://huggingface.co/manu/sentence_croissant_alpha_v0.4),100%,1.214,1.28,2048.0,2048.0,60.49,60.49,60.49
164,165,[Ivysaur](https://huggingface.co/Mihaiii/Ivysaur),⚠️ NA,0.011,0.023,384.0,512.0,60.32,60.32,60.32
165,166,[gtr-t5-xl](https://huggingface.co/sentence-transformers/gtr-t5-xl),100%,1.209,1.242,768.0,512.0,60.09,60.09,60.09
166,167,[sentence-t5-xxl](https://huggingface.co/sentence-transformers/sentence-t5-xxl),100%,4.833,4.866,768.0,512.0,59.48,59.48,59.48
167,168,[gme-Qwen2-VL-2B-Instruct](https://huggingface.co/Alibaba-NLP/gme-Qwen2-VL-2B-Instruct),100%,1.976,2.209,1536.0,32768.0,59.24,59.24,59.24
168,169,[F2LLM-v2-14B](https://huggingface.co/codefuse-ai/F2LLM-v2-14B),100%,13.214,13.99,5120.0,40960.0,58.92,58.92,58.92
169,170,[F2LLM-0.6B](https://huggingface.co/codefuse-ai/F2LLM-0.6B),100%,0.44,0.596,1024.0,8192.0,58.67,58.67,58.67
170,171,[F2LLM-v2-8B](https://huggingface.co/codefuse-ai/F2LLM-v2-8B),100%,6.947,7.568,4096.0,40960.0,58.65,58.65,58.65
171,172,[F2LLM-v2-4B](https://huggingface.co/codefuse-ai/F2LLM-v2-4B),100%,3.634,4.022,2560.0,40960.0,57.7,57.7,57.7
172,173,[gte-multilingual-base](https://huggingface.co/Alibaba-NLP/gte-multilingual-base),100%,0.113,0.305,768.0,8192.0,57.67,57.67,57.67
173,174,[gtr-t5-large](https://huggingface.co/sentence-transformers/gtr-t5-large),100%,0.303,0.336,768.0,512.0,56.68,56.68,56.68
174,175,[gtr-t5-base](https://huggingface.co/sentence-transformers/gtr-t5-base),100%,0.086,0.11,768.0,512.0,56.05,56.05,56.05
175,176,[LLM2Vec-Sheared-LLaMA-mntp-unsup-simcse](https://huggingface.co/McGill-NLP/LLM2Vec-Sheared-LLaMA-mntp-unsup-simcse),100%,1.229,1.295,4096.0,32768.0,56.04,56.04,56.04
176,177,[sentence_croissant_alpha_v0.2](https://huggingface.co/manu/sentence_croissant_alpha_v0.2),100%,1.214,1.28,2048.0,2048.0,55.81,55.81,55.81
177,178,[multi-qa-MiniLM-L6-cos-v1](https://huggingface.co/sentence-transformers/multi-qa-MiniLM-L6-cos-v1),100%,0.011,0.023,384.0,512.0,55.8,55.8,55.8
178,179,[LLM2Vec-Mistral-7B-Instruct-v2-mntp-unsup-simcse](https://huggingface.co/McGill-NLP/LLM2Vec-Mistral-7B-Instruct-v2-mntp-unsup-simcse),100%,7.022,7.153,4096.0,32768.0,55.66,55.66,55.66
179,180,[F2LLM-v2-80M](https://huggingface.co/codefuse-ai/F2LLM-v2-80M),100%,0.032,0.08,320.0,40960.0,55.0,55.0,55.0
180,181,[bge-m3](https://huggingface.co/BAAI/bge-m3),100%,0.312,0.568,1024.0,8194.0,54.85,54.85,54.85
181,182,[sentence-t5-xl](https://huggingface.co/sentence-transformers/sentence-t5-xl),100%,1.209,1.242,768.0,512.0,54.77,54.77,54.77
182,183,[F2LLM-v2-160M](https://huggingface.co/codefuse-ai/F2LLM-v2-160M),100%,0.062,0.159,640.0,40960.0,54.33,54.33,54.33
183,184,[F2LLM-v2-1.7B](https://huggingface.co/codefuse-ai/F2LLM-v2-1.7B),100%,1.41,1.721,2048.0,40960.0,54.21,54.21,54.21
184,185,[F2LLM-v2-330M](https://huggingface.co/codefuse-ai/F2LLM-v2-330M),100%,0.198,0.334,896.0,40960.0,52.93,52.93,52.93
185,186,[bilingual-embedding-large](https://huggingface.co/Lajavaness/bilingual-embedding-large),100%,0.304,0.56,1024.0,514.0,52.92,52.92,52.92
186,187,[gme-Qwen2-VL-7B-Instruct](https://huggingface.co/Alibaba-NLP/gme-Qwen2-VL-7B-Instruct),100%,7.201,7.746,3584.0,32768.0,52.6,52.6,52.6
187,188,[jina-embedding-s-en-v1](https://huggingface.co/jinaai/jina-embedding-s-en-v1),100%,0.019,0.035,512.0,512.0,52.3,52.3,52.3
188,189,[gtr-t5-xxl](https://huggingface.co/sentence-transformers/gtr-t5-xxl),100%,4.833,4.866,768.0,512.0,51.9,51.9,51.9
189,190,[GIST-all-MiniLM-L6-v2](https://huggingface.co/avsolatorio/GIST-all-MiniLM-L6-v2),100%,0.011,0.023,384.0,512.0,51.47,51.47,51.47
190,191,[all-mpnet-base-v2](https://huggingface.co/sentence-transformers/all-mpnet-base-v2),100%,0.086,0.109,768.0,384.0,51.33,51.33,51.33
191,192,[USER-bge-m3](https://huggingface.co/deepvk/USER-base),100%,0.312,0.359,1024.0,8194.0,51.02,51.02,51.02
192,193,[all-MiniLM-L12-v2](https://huggingface.co/sentence-transformers/all-MiniLM-L12-v2),100%,0.022,0.033,384.0,256.0,50.82,50.82,50.82
193,194,[miniac-embed](https://huggingface.co/ManiacLabs/miniac-embed),100%,0.021,0.033,1024.0,512.0,50.74,50.74,50.74
194,195,[M2V_base_glove](https://huggingface.co/minishlab/M2V_base_glove),100%,0.0,0.102,256.0,,50.29,50.29,50.29
195,196,[F2LLM-v2-0.6B](https://huggingface.co/codefuse-ai/F2LLM-v2-0.6B),100%,0.441,0.596,1024.0,40960.0,49.82,49.82,49.82
196,197,[bilingual-embedding-base](https://huggingface.co/Lajavaness/bilingual-embedding-base),100%,0.086,0.278,768.0,514.0,49.44,49.44,49.44
197,198,[gte-micro-v4](https://huggingface.co/Mihaiii/gte-micro-v4),⚠️ NA,0.007,0.019,384.0,512.0,49.03,49.03,49.03
198,199,[mxbai-embed-xsmall-v1](https://huggingface.co/mixedbread-ai/mxbai-embed-xsmall-v1),100%,0.012,0.024,384.0,512.0,48.9,48.9,48.9
199,200,[Bulbasaur](https://huggingface.co/Mihaiii/Bulbasaur),⚠️ NA,0.006,0.017,384.0,512.0,47.77,47.77,47.77
200,201,[slx-v0.1](https://huggingface.co/brahmairesearch/slx-v0.1),⚠️ NA,0.011,0.023,384.0,512.0,47.25,47.25,47.25
201,202,[all-MiniLM-L6-v2](https://huggingface.co/sentence-transformers/all-MiniLM-L6-v2),100%,0.011,0.023,384.0,256.0,47.23,47.23,47.23
202,203,[M2V_base_output](https://huggingface.co/minishlab/M2V_base_output),100%,0.0,0.008,256.0,,47.02,47.02,47.02
203,204,[bilingual-embedding-small](https://huggingface.co/Lajavaness/bilingual-embedding-small),100%,0.022,0.118,384.0,512.0,46.79,46.79,46.79
204,205,[sentence-t5-large](https://huggingface.co/sentence-transformers/sentence-t5-large),100%,0.303,0.336,768.0,512.0,46.11,46.11,46.11
205,206,[potion-base-8M](https://huggingface.co/minishlab/potion-base-8M),100%,0.0,0.008,256.0,,45.75,45.75,45.75
206,207,[embedder-100p](https://huggingface.co/deepfile/embedder-100p),⚠️ NA,0.086,0.278,768.0,514.0,45.1,45.1,45.1
207,208,[bge-m3-custom-fr](https://huggingface.co/manu/bge-m3-custom-fr),100%,0.312,0.568,1024.0,8194.0,44.87,44.87,44.87
208,209,[potion-retrieval-32M](https://huggingface.co/minishlab/potion-retrieval-32M),100%,0.0,0.032,512.0,,44.69,44.69,44.69
209,210,[static-retrieval-mrl-en-v1](https://huggingface.co/sentence-transformers/static-retrieval-mrl-en-v1),100%,0.0,0.031,1024.0,,44.6,44.6,44.6
210,211,[potion-base-4M](https://huggingface.co/minishlab/potion-base-4M),100%,0.0,0.004,128.0,,43.24,43.24,43.24
211,212,[potion-base-32M](https://huggingface.co/minishlab/potion-base-32M),100%,0.0,0.032,512.0,,41.93,41.93,41.93
212,213,[gte-micro](https://huggingface.co/Mihaiii/gte-micro),⚠️ NA,0.006,0.017,384.0,512.0,41.9,41.9,41.9
213,214,[potion-multilingual-128M](https://huggingface.co/minishlab/potion-multilingual-128M),100%,0.0,0.128,256.0,,41.7,41.7,41.7
214,215,[mmlw-roberta-base](https://huggingface.co/sdadas/mmlw-roberta-base),100%,0.086,0.124,768.0,514.0,41.24,41.24,41.24
215,216,[sentence-t5-base](https://huggingface.co/sentence-transformers/sentence-t5-base),100%,0.198,0.223,768.0,512.0,40.7,40.7,40.7
216,217,[potion-base-2M](https://huggingface.co/minishlab/potion-base-2M),100%,0.0,0.002,64.0,,40.48,40.48,40.48
217,218,[mmlw-e5-base](https://huggingface.co/sdadas/mmlw-e5-base),100%,0.086,0.278,768.0,514.0,40.0,40.0,40.0
218,219,[M2V_base_glove_subword](https://huggingface.co/minishlab/M2V_base_glove_subword),100%,0.0,0.103,256.0,,39.98,39.98,39.98
219,220,[pubmedbert-base-embeddings-8M](https://huggingface.co/NeuML/pubmedbert-base-embeddings-8M),100%,0.0,0.008,256.0,,39.84,39.84,39.84
220,221,[Squirtle](https://huggingface.co/Mihaiii/Squirtle),100%,0.004,0.016,384.0,512.0,39.48,39.48,39.48
221,222,[paraphrase-multilingual-MiniLM-L12-v2](https://huggingface.co/sentence-transformers/paraphrase-multilingual-MiniLM-L12-v2),100%,0.022,0.118,384.0,512.0,39.34,39.34,39.34
222,223,[mmlw-e5-large](https://huggingface.co/sdadas/mmlw-e5-large),100%,0.304,0.56,1024.0,514.0,38.98,38.98,38.98
223,224,[mmlw-e5-small](https://huggingface.co/sdadas/mmlw-e5-small),100%,0.022,0.118,384.0,512.0,38.7,38.7,38.7
224,225,[lodestone-base-4096-v1](https://huggingface.co/Hum-Works/lodestone-base-4096-v1),100%,0.114,0.137,768.0,,38.58,38.58,38.58
225,226,[Arabic-all-nli-triplet-Matryoshka](https://huggingface.co/Omartificial-Intelligence-Space/Arabic-all-nli-triplet-Matryoshka),100%,0.086,0.278,768.0,514.0,38.51,38.51,38.51
226,227,[paraphrase-multilingual-mpnet-base-v2](https://huggingface.co/sentence-transformers/paraphrase-multilingual-mpnet-base-v2),100%,0.086,0.278,768.0,512.0,37.87,37.87,37.87
227,228,[mmlw-roberta-large](https://huggingface.co/sdadas/mmlw-roberta-large),100%,0.304,0.435,1024.0,514.0,37.47,37.47,37.47
228,229,[pubmedbert-base-embeddings-1M](https://huggingface.co/NeuML/pubmedbert-base-embeddings-1M),100%,0.0,0.001,64.0,,37.32,37.32,37.32
229,230,[pubmedbert-base-embeddings-2M](https://huggingface.co/NeuML/pubmedbert-base-embeddings-2M),100%,0.0,0.002,64.0,,36.57,36.57,36.57
230,231,[Wartortle](https://huggingface.co/Mihaiii/Wartortle),100%,0.006,0.017,384.0,512.0,35.74,35.74,35.74
231,232,[cai-lunaris-text-embeddings](https://huggingface.co/consciousAI/cai-lunaris-text-embeddings),⚠️ NA,0.304,0.335,1024.0,512.0,35.65,35.65,35.65
232,233,[pubmedbert-base-embeddings-500K](https://huggingface.co/NeuML/pubmedbert-base-embeddings-500K),100%,0.0,0.001,64.0,,35.37,35.37,35.37
233,234,[static-similarity-mrl-multilingual-v1](https://huggingface.co/sentence-transformers/static-similarity-mrl-multilingual-v1),100%,0.0,0.108,1024.0,,35.37,35.37,35.37
234,235,[text2vec-base-multilingual](https://huggingface.co/shibing624/text2vec-base-chinese-paraphrase),100%,0.022,0.118,384.0,256.0,32.1,32.1,32.1
235,236,[Arabic-MiniLM-L12-v2-all-nli-triplet](https://huggingface.co/Omartificial-Intelligence-Space/Arabic-MiniLM-L12-v2-all-nli-triplet),100%,0.022,0.118,384.0,512.0,30.66,30.66,30.66
236,237,[LaBSE-ru-turbo](https://huggingface.co/sergeyzh/LaBSE-ru-turbo),100%,0.087,0.129,768.0,512.0,30.52,30.52,30.52
237,238,[Venusaur](https://huggingface.co/Mihaiii/Venusaur),⚠️ NA,0.004,0.016,384.0,512.0,30.27,30.27,30.27
238,239,[STS-multilingual-mpnet-base-v2](https://huggingface.co/Gameselo/STS-multilingual-mpnet-base-v2),0%,0.086,0.278,768.0,514.0,28.94,28.94,28.94
239,240,[German_Semantic_STS_V2](https://huggingface.co/aari1995/German_Semantic_STS_V2),⚠️ NA,0.304,0.336,1024.0,512.0,28.34,28.34,28.34
240,241,[Arabic-labse-Matryoshka](https://huggingface.co/Omartificial-Intelligence-Space/Arabic-labse-Matryoshka),⚠️ NA,0.086,0.471,768.0,512.0,27.31,27.31,27.31
241,242,[SONAR](https://ai.meta.com/research/publications/sonar-sentence-level-multimodal-and-language-agnostic-representations/),100%,,,1024.0,512.0,24.82,24.82,24.82
242,243,[arabic-english-sts-matryoshka](https://huggingface.co/omarelshehy/arabic-english-sts-matryoshka),⚠️ NA,0.304,0.56,1024.0,514.0,22.26,22.26,22.26
243,244,[USER-base](https://huggingface.co/deepvk/USER-base),100%,0.388,0.427,768.0,512.0,20.17,20.17,20.17
244,245,[rubert-tiny-turbo](https://huggingface.co/sergeyzh/rubert-tiny-turbo),100%,0.003,0.029,312.0,2048.0,17.53,17.53,17.53
245,246,[pubmedbert-base-embeddings-100K](https://huggingface.co/NeuML/pubmedbert-base-embeddings-100K),100%,0.0,0.0,64.0,,17.35,17.35,17.35
246,247,[LaBSE](https://huggingface.co/sentence-transformers/LaBSE),100%,0.086,0.471,768.0,512.0,16.34,16.34,16.34
247,248,[distilrubert-small-cased-conversational](https://huggingface.co/DeepPavlov/distilrubert-small-cased-conversational),100%,0.015,0.107,768.0,512.0,15.18,15.18,15.18
248,249,[LaBSE-en-ru](https://huggingface.co/cointegrated/LaBSE-en-ru),100%,0.087,0.129,768.0,512.0,14.9,14.9,14.9
249,250,[Arabic-mpnet-base-all-nli-triplet](https://huggingface.co/Omartificial-Intelligence-Space/Arabic-mpnet-base-all-nli-triplet),100%,0.086,0.109,768.0,514.0,13.53,13.53,13.53
250,251,[gemma-2b-embeddings](https://huggingface.co/Jaume/gemma-2b-embeddings),100%,1.982,2.506,2048.0,8192.0,13.11,13.11,13.11
251,252,[rubert-tiny](https://huggingface.co/cointegrated/rubert-tiny),100%,0.003,0.012,312.0,512.0,9.47,9.47,9.47
252,253,[rubert-tiny2](https://huggingface.co/cointegrated/rubert-tiny2),100%,0.003,0.029,312.0,2048.0,8.67,8.67,8.67
253,254,[rubert-base-cased-sentence](https://huggingface.co/DeepPavlov/rubert-base-cased-sentence),100%,0.015,0.107,768.0,512.0,7.8,7.8,7.8
254,255,[Arabert-all-nli-triplet-Matryoshka](https://huggingface.co/Omartificial-Intelligence-Space/Arabert-all-nli-triplet-Matryoshka),100%,0.086,0.135,768.0,512.0,7.27,7.27,7.27
255,256,[sbert_large_mt_nlu_ru](https://huggingface.co/ai-forever/sbert_large_mt_nlu_ru),100%,0.304,0.427,1024.0,512.0,7.16,7.16,7.16
256,257,[ternary-weight-embedding](https://huggingface.co/malenia1/ternary-weight-embedding),⚠️ NA,,0.099,1024.0,512.0,6.3,6.3,6.3
257,258,[Marbert-all-nli-triplet-Matryoshka](https://huggingface.co/Omartificial-Intelligence-Space/Marbert-all-nli-triplet-Matryoshka),100%,0.086,0.163,768.0,512.0,5.28,5.28,5.28
258,259,[silma-embeddding-matryoshka-v0.1](https://huggingface.co/silma-ai/silma-embeddding-matryoshka-v0.1),⚠️ NA,0.086,0.135,768.0,512.0,5.2,5.2,5.2
259,260,[rubert-base-cased](https://huggingface.co/DeepPavlov/rubert-base-cased),100%,1.188,1.28,768.0,512.0,4.05,4.05,4.05
260,261,[sbert_large_nlu_ru](https://huggingface.co/ai-forever/sbert_large_nlu_ru),100%,0.304,0.427,1024.0,512.0,3.91,3.91,3.91
261,262,[deberta-v1-base](https://huggingface.co/deepvk/deberta-v1-base),100%,0.085,0.124,768.0,512.0,3.56,3.56,3.56
262,263,baseline-random-encoder,100%,,,32.0,,0.43,0.43,0.43
